[
  {
    "id": "d5cfcb7e-47a9-4f7d-9ea6-62c3245ae6a6",
    "data": [
      {
        "text": "Preciso de ajuda",
        "userDefined": false
      }
    ],
    "isTemplate": false,
    "count": 0,
    "updated": 0
  },
  {
    "id": "f4ba741f-1e28-4acc-9a10-84c7bd8339c9",
    "data": [
      {
        "text": "Tudo bem",
        "userDefined": false
      }
    ],
    "isTemplate": false,
    "count": 0,
    "updated": 0
  },
  {
    "id": "f70ec85c-3ae3-48a3-8fa2-8c76572e0322",
    "data": [
      {
        "text": "Opa",
        "userDefined": false
      }
    ],
    "isTemplate": false,
    "count": 0,
    "updated": 0
  },
  {
    "id": "ab72417f-30b9-4882-9788-e7e9fe016e9c",
    "data": [
      {
        "text": "Boa ",
        "userDefined": false
      },
      {
        "text": "noite",
        "alias": "date-time",
        "meta": "@sys.date-time",
        "userDefined": false
      }
    ],
    "isTemplate": false,
    "count": 0,
    "updated": 0
  },
  {
    "id": "4581cd7c-d17e-4f3a-a4e6-2e40208323f9",
    "data": [
      {
        "text": "Boa ",
        "userDefined": false
      },
      {
        "text": "tarde",
        "alias": "date-time",
        "meta": "@sys.date-time",
        "userDefined": false
      }
    ],
    "isTemplate": false,
    "count": 0,
    "updated": 0
  },
  {
    "id": "d89437c4-9c38-45d6-abaf-ce24d2c3c1e4",
    "data": [
      {
        "text": "Bom dia",
        "userDefined": false
      }
    ],
    "isTemplate": false,
    "count": 0,
    "updated": 0
  },
  {
    "id": "acb07065-3d8f-42ce-bd4d-97f62e13105b",
    "data": [
      {
        "text": "Oi",
        "userDefined": false
      }
    ],
    "isTemplate": false,
    "count": 0,
    "updated": 0
  },
  {
    "id": "921fff64-1e4e-4e34-9508-a819db6a9c5a",
    "data": [
      {
        "text": "Olá",
        "userDefined": false
      }
    ],
    "isTemplate": false,
    "count": 0,
    "updated": 0
  }
]