[
  {
    "id": "9506893a-5260-4a95-93c0-d99de711d9a0",
    "data": [
      {
        "text": "ta funcionado ",
        "userDefined": false
      },
      {
        "text": "hoje",
        "alias": "date-time",
        "meta": "@sys.date-time",
        "userDefined": false
      },
      {
        "text": "?",
        "userDefined": false
      }
    ],
    "isTemplate": false,
    "count": 0,
    "updated": 0
  },
  {
    "id": "7b05f3d3-2d4c-4f1d-8484-844c764e5ea6",
    "data": [
      {
        "text": "está funcionado?",
        "userDefined": false
      }
    ],
    "isTemplate": false,
    "count": 0,
    "updated": 0
  },
  {
    "id": "ef301e28-dd16-4fac-9bb6-c6cb62c9b156",
    "data": [
      {
        "text": "quais dias de funcionamento",
        "userDefined": false
      }
    ],
    "isTemplate": false,
    "count": 0,
    "updated": 0
  },
  {
    "id": "46248c5c-fca2-4678-a176-a0be8ac8e0cf",
    "data": [
      {
        "text": "quando posso entregar meu livro",
        "userDefined": false
      }
    ],
    "isTemplate": false,
    "count": 0,
    "updated": 0
  },
  {
    "id": "7c710be8-9895-4523-8bd5-b22f3dabf8fe",
    "data": [
      {
        "text": "quais ",
        "userDefined": false
      },
      {
        "text": "dias está",
        "alias": "date-time",
        "meta": "@sys.date-time",
        "userDefined": false
      },
      {
        "text": "  aberto",
        "userDefined": false
      }
    ],
    "isTemplate": false,
    "count": 0,
    "updated": 0
  },
  {
    "id": "3cbe93b6-786a-492c-b3bc-73e85f41d8c5",
    "data": [
      {
        "text": "fica aberto até que horas",
        "userDefined": false
      }
    ],
    "isTemplate": false,
    "count": 0,
    "updated": 0
  },
  {
    "id": "b1e8efbc-0252-4a34-bdd2-6b15ede69323",
    "data": [
      {
        "text": "que horas fecha",
        "userDefined": false
      }
    ],
    "isTemplate": false,
    "count": 0,
    "updated": 0
  },
  {
    "id": "8a175ffd-0ce0-4cce-897b-b7024fdee322",
    "data": [
      {
        "text": "qual o horário que está aberto",
        "userDefined": false
      }
    ],
    "isTemplate": false,
    "count": 0,
    "updated": 0
  },
  {
    "id": "3e6750dc-f286-47ea-b122-cb4cd0e82d50",
    "data": [
      {
        "text": "qual o horário de funcionamento da biblioteca?",
        "userDefined": false
      }
    ],
    "isTemplate": false,
    "count": 0,
    "updated": 0
  }
]