[
  {
    "id": "55040e48-bfb6-4e52-a7c7-0341c7337e13",
    "data": [
      {
        "text": "me passa rua da biblioteca",
        "userDefined": false
      }
    ],
    "isTemplate": false,
    "count": 0,
    "updated": 0
  },
  {
    "id": "da889b61-f963-4e65-8c05-e6e73e12b153",
    "data": [
      {
        "text": "qual a rua da biblioteca",
        "userDefined": false
      }
    ],
    "isTemplate": false,
    "count": 0,
    "updated": 0
  },
  {
    "id": "891da9d9-6d36-4ae9-a4c9-51c11bccd0bb",
    "data": [
      {
        "text": "onde fica a biblioteca",
        "userDefined": false
      }
    ],
    "isTemplate": false,
    "count": 0,
    "updated": 0
  },
  {
    "id": "a10c7e56-da36-47b4-9e31-119486ff32fe",
    "data": [
      {
        "text": "me passa o endereço da biblioteca",
        "userDefined": false
      }
    ],
    "isTemplate": false,
    "count": 0,
    "updated": 0
  },
  {
    "id": "16235e62-1603-4dd6-a6ae-79cd9335dcca",
    "data": [
      {
        "text": "qual o endereço da biblioteca?",
        "userDefined": false
      }
    ],
    "isTemplate": false,
    "count": 0,
    "updated": 0
  }
]