[
  {
    "id": "5a74b808-037e-41de-86b4-f2e2062ad879",
    "data": [
      {
        "text": "me passa o ",
        "userDefined": false
      },
      {
        "text": "contato",
        "alias": "telefone",
        "meta": "@telefone",
        "userDefined": false
      }
    ],
    "isTemplate": false,
    "count": 0,
    "updated": 0
  },
  {
    "id": "286a407c-62ac-42be-bddc-83226cbecb26",
    "data": [
      {
        "text": "qual o ",
        "userDefined": false
      },
      {
        "text": "contato",
        "alias": "telefone",
        "meta": "@telefone",
        "userDefined": false
      },
      {
        "text": "?",
        "userDefined": false
      }
    ],
    "isTemplate": false,
    "count": 0,
    "updated": 0
  },
  {
    "id": "9cee7689-9a18-4541-8148-e4600902bc26",
    "data": [
      {
        "text": "me diz o ",
        "userDefined": false
      },
      {
        "text": "numero",
        "alias": "telefone",
        "meta": "@telefone",
        "userDefined": false
      },
      {
        "text": " por favor",
        "userDefined": false
      }
    ],
    "isTemplate": false,
    "count": 0,
    "updated": 0
  },
  {
    "id": "aad81457-ffc9-4860-8fd7-bdc64c19e24c",
    "data": [
      {
        "text": "qual o ",
        "userDefined": false
      },
      {
        "text": "numero do telefone",
        "alias": "telefone",
        "meta": "@telefone",
        "userDefined": false
      }
    ],
    "isTemplate": false,
    "count": 0,
    "updated": 0
  },
  {
    "id": "c7148e90-43cc-42ca-bc7f-e7d1d81ef5de",
    "data": [
      {
        "text": "qual o ",
        "userDefined": false
      },
      {
        "text": "fone",
        "alias": "telefone",
        "meta": "@telefone",
        "userDefined": false
      },
      {
        "text": "?",
        "userDefined": false
      }
    ],
    "isTemplate": false,
    "count": 0,
    "updated": 0
  },
  {
    "id": "43ebdc1f-0503-4e11-8147-0776ecea0393",
    "data": [
      {
        "text": "me informa o ",
        "userDefined": false
      },
      {
        "text": "cel",
        "alias": "telefone",
        "meta": "@telefone",
        "userDefined": false
      }
    ],
    "isTemplate": false,
    "count": 0,
    "updated": 0
  },
  {
    "id": "669a711f-9c15-44fa-9ecf-d04dc9bf88e4",
    "data": [
      {
        "text": "me passa o ",
        "userDefined": false
      },
      {
        "text": "numero",
        "alias": "telefone",
        "meta": "@telefone",
        "userDefined": false
      },
      {
        "text": " do ",
        "userDefined": false
      },
      {
        "text": "tele",
        "alias": "telefone1",
        "meta": "@telefone",
        "userDefined": false
      },
      {
        "text": " ",
        "userDefined": false
      },
      {
        "text": "fone",
        "alias": "telefone2",
        "meta": "@telefone",
        "userDefined": false
      }
    ],
    "isTemplate": false,
    "count": 0,
    "updated": 0
  },
  {
    "id": "68f03850-6707-4069-bddf-5e005562cbd8",
    "data": [
      {
        "text": "me passa o ",
        "userDefined": false
      },
      {
        "text": "numero do telefone",
        "alias": "telefone",
        "meta": "@telefone",
        "userDefined": false
      }
    ],
    "isTemplate": false,
    "count": 0,
    "updated": 0
  }
]